sample_id,map_id,map_crop_x,map_crop_y,cur_tile_x,cur_tile_y,tar_tile_x,tar_tile_y,vector_dx,vector_dy,split,source_image,origin_x,origin_y,map_size,tile_size
0,big_sample5_17_2000_0000,0,0,654.0,173.0,654.0,173.0,0.0,0.0,train,big_sample5_17.tif,15136,15746,2000,200
1,big_sample5_17_2000_0001,0,0,1269.0,1743.0,1269.0,1743.0,0.0,0.0,val,big_sample5_17.tif,1338,408,2000,200
2,big_sample5_17_2000_0002,0,0,1238.0,1079.0,1238.0,1079.0,0.0,0.0,train,big_sample5_17.tif,8961,14997,2000,200
3,big_sample5_17_2000_0003,0,0,1308.0,104.0,1308.0,104.0,0.0,0.0,val,big_sample5_17.tif,9963,23116,2000,200
4,big_sample5_17_2000_0004,0,0,1477.0,1414.0,1477.0,1414.0,0.0,0.0,train,big_sample5_17.tif,7013,21196,2000,200
5,big_sample5_17_2000_0005,0,0,139.0,1075.0,139.0,1075.0,0.0,0.0,val,big_sample5_17.tif,15063,4342,2000,200
6,big_sample5_17_2000_0006,0,0,826.0,151.0,826.0,151.0,0.0,0.0,train,big_sample5_17.tif,1430,7409,2000,200
7,big_sample5_17_2000_0007,0,0,1046.0,1265.0,1046.0,1265.0,0.0,0.0,train,big_sample5_17.tif,95,3072,2000,200
8,big_sample5_17_2000_0008,0,0,930.0,1895.0,930.0,1895.0,0.0,0.0,train,big_sample5_17.tif,4578,15213,2000,200
9,big_sample5_17_2000_0009,0,0,1811.0,1271.0,1811.0,1271.0,0.0,0.0,train,big_sample5_17.tif,14323,24248,2000,200
10,big_sample5_17_2000_0010,0,0,1676.0,343.0,1676.0,343.0,0.0,0.0,train,big_sample5_17.tif,14952,17019,2000,200
11,big_sample5_17_2000_0011,0,0,776.0,658.0,776.0,658.0,0.0,0.0,train,big_sample5_17.tif,10301,17836,2000,200
12,big_sample5_17_2000_0012,0,0,231.0,1782.0,231.0,1782.0,0.0,0.0,val,big_sample5_17.tif,7526,12010,2000,200
13,big_sample5_17_2000_0013,0,0,558.0,679.0,558.0,679.0,0.0,0.0,train,big_sample5_17.tif,9454,8845,2000,200
14,big_sample5_17_2000_0014,0,0,1469.0,805.0,1469.0,805.0,0.0,0.0,train,big_sample5_17.tif,12802,14692,2000,200
15,big_sample5_17_2000_0015,0,0,1386.0,1222.0,1386.0,1222.0,0.0,0.0,train,big_sample5_17.tif,5839,22009,2000,200
16,big_sample5_17_2000_0016,0,0,821.0,1517.0,821.0,1517.0,0.0,0.0,val,big_sample5_17.tif,863,2077,2000,200
17,big_sample5_17_2000_0017,0,0,242.0,205.0,242.0,205.0,0.0,0.0,val,big_sample5_17.tif,5631,5917,2000,200
18,big_sample5_17_2000_0018,0,0,1648.0,911.0,1648.0,911.0,0.0,0.0,train,big_sample5_17.tif,11944,8309,2000,200
19,big_sample5_17_2000_0019,0,0,1481.0,193.0,1481.0,193.0,0.0,0.0,train,big_sample5_17.tif,15925,19686,2000,200
20,big_sample5_17_2000_0020,0,0,1804.0,263.0,1804.0,263.0,0.0,0.0,train,big_sample5_17.tif,10144,10001,2000,200
21,big_sample5_17_2000_0021,0,0,1724.0,1310.0,1724.0,1310.0,0.0,0.0,train,big_sample5_17.tif,11088,14346,2000,200
22,big_sample5_17_2000_0022,0,0,187.0,757.0,187.0,757.0,0.0,0.0,test,big_sample5_17.tif,15843,4932,2000,200
23,big_sample5_17_2000_0023,0,0,1475.0,1769.0,1475.0,1769.0,0.0,0.0,train,big_sample5_17.tif,11326,2608,2000,200
24,big_sample5_17_2000_0024,0,0,452.0,1000.0,452.0,1000.0,0.0,0.0,test,big_sample5_17.tif,7292,10887,2000,200
25,big_sample5_17_2000_0025,0,0,729.0,1892.0,729.0,1892.0,0.0,0.0,train,big_sample5_17.tif,886,10512,2000,200
26,big_sample5_17_2000_0026,0,0,1603.0,1464.0,1603.0,1464.0,0.0,0.0,train,big_sample5_17.tif,10743,23459,2000,200
27,big_sample5_17_2000_0027,0,0,514.0,1515.0,514.0,1515.0,0.0,0.0,train,big_sample5_17.tif,7250,12297,2000,200
28,big_sample5_17_2000_0028,0,0,1449.0,1380.0,1449.0,1380.0,0.0,0.0,train,big_sample5_17.tif,1382,10251,2000,200
29,big_sample5_17_2000_0029,0,0,338.0,1412.0,338.0,1412.0,0.0,0.0,train,big_sample5_17.tif,16449,23042,2000,200
30,big_sample5_17_2000_0030,0,0,1669.0,126.0,1669.0,126.0,0.0,0.0,test,big_sample5_17.tif,17265,22927,2000,200
31,big_sample5_17_2000_0031,0,0,1590.0,1823.0,1590.0,1823.0,0.0,0.0,test,big_sample5_17.tif,2121,21350,2000,200
32,big_sample5_17_2000_0032,0,0,761.0,1702.0,761.0,1702.0,0.0,0.0,test,big_sample5_17.tif,6411,3677,2000,200
33,big_sample5_17_2000_0033,0,0,688.0,518.0,688.0,518.0,0.0,0.0,train,big_sample5_17.tif,6829,20330,2000,200
34,big_sample5_17_2000_0034,0,0,1848.0,579.0,1848.0,579.0,0.0,0.0,test,big_sample5_17.tif,15884,19824,2000,200
35,big_sample5_17_2000_0035,0,0,367.0,1776.0,367.0,1776.0,0.0,0.0,train,big_sample5_17.tif,7587,13323,2000,200
36,big_sample5_17_2000_0036,0,0,430.0,1206.0,430.0,1206.0,0.0,0.0,train,big_sample5_17.tif,12313,1001,2000,200
37,big_sample5_17_2000_0037,0,0,658.0,128.0,658.0,128.0,0.0,0.0,train,big_sample5_17.tif,8926,701,2000,200
38,big_sample5_17_2000_0038,0,0,1718.0,1773.0,1718.0,1773.0,0.0,0.0,train,big_sample5_17.tif,1624,18738,2000,200
39,big_sample5_17_2000_0039,0,0,1225.0,220.0,1225.0,220.0,0.0,0.0,val,big_sample5_17.tif,4767,1633,2000,200
40,big_sample5_17_2000_0040,0,0,1672.0,1839.0,1672.0,1839.0,0.0,0.0,train,big_sample5_17.tif,11569,8512,2000,200
41,big_sample5_17_2000_0041,0,0,591.0,535.0,591.0,535.0,0.0,0.0,train,big_sample5_17.tif,2509,13899,2000,200
42,big_sample5_17_2000_0042,0,0,325.0,324.0,325.0,324.0,0.0,0.0,train,big_sample5_17.tif,3729,21956,2000,200
43,big_sample5_17_2000_0043,0,0,1645.0,1097.0,1645.0,1097.0,0.0,0.0,train,big_sample5_17.tif,13852,7128,2000,200
44,big_sample5_17_2000_0044,0,0,918.0,619.0,918.0,619.0,0.0,0.0,train,big_sample5_17.tif,13597,20017,2000,200
45,big_sample5_17_2000_0045,0,0,1586.0,1228.0,1586.0,1228.0,0.0,0.0,val,big_sample5_17.tif,8050,10207,2000,200
46,big_sample5_17_2000_0046,0,0,247.0,1095.0,247.0,1095.0,0.0,0.0,train,big_sample5_17.tif,12638,23710,2000,200
47,big_sample5_17_2000_0047,0,0,1801.0,361.0,1801.0,361.0,0.0,0.0,val,big_sample5_17.tif,4118,14682,2000,200
48,big_sample5_17_2000_0048,0,0,1794.0,177.0,1794.0,177.0,0.0,0.0,test,big_sample5_17.tif,14575,10049,2000,200
49,big_sample5_17_2000_0049,0,0,1648.0,1594.0,1648.0,1594.0,0.0,0.0,train,big_sample5_17.tif,10558,20338,2000,200
50,big_sample5_17_2000_0050,0,0,297.0,241.0,297.0,241.0,0.0,0.0,train,big_sample5_17.tif,2017,246,2000,200
51,big_sample5_17_2000_0051,0,0,1811.0,1365.0,1811.0,1365.0,0.0,0.0,train,big_sample5_17.tif,4604,16133,2000,200
52,big_sample5_17_2000_0052,0,0,166.0,1657.0,166.0,1657.0,0.0,0.0,train,big_sample5_17.tif,11288,23332,2000,200
53,big_sample5_17_2000_0053,0,0,876.0,874.0,876.0,874.0,0.0,0.0,train,big_sample5_17.tif,7257,1470,2000,200
54,big_sample5_17_2000_0054,0,0,1347.0,1497.0,1347.0,1497.0,0.0,0.0,test,big_sample5_17.tif,5589,12085,2000,200
55,big_sample5_17_2000_0055,0,0,1018.0,1654.0,1018.0,1654.0,0.0,0.0,train,big_sample5_17.tif,142,7635,2000,200
56,big_sample5_17_2000_0056,0,0,1244.0,720.0,1244.0,720.0,0.0,0.0,train,big_sample5_17.tif,11363,21787,2000,200
57,big_sample5_17_2000_0057,0,0,215.0,429.0,215.0,429.0,0.0,0.0,train,big_sample5_17.tif,10217,24596,2000,200
58,big_sample5_17_2000_0058,0,0,593.0,1302.0,593.0,1302.0,0.0,0.0,val,big_sample5_17.tif,4840,21757,2000,200
59,big_sample5_17_2000_0059,0,0,1832.0,1447.0,1832.0,1447.0,0.0,0.0,test,big_sample5_17.tif,9375,23693,2000,200
60,big_sample5_17_2000_0060,0,0,1113.0,354.0,1113.0,354.0,0.0,0.0,train,big_sample5_17.tif,11181,21278,2000,200
61,big_sample5_17_2000_0061,0,0,1578.0,400.0,1578.0,400.0,0.0,0.0,train,big_sample5_17.tif,1867,16565,2000,200
62,big_sample5_17_2000_0062,0,0,1140.0,1111.0,1140.0,1111.0,0.0,0.0,test,big_sample5_17.tif,12106,9778,2000,200
63,big_sample5_17_2000_0063,0,0,1508.0,1047.0,1508.0,1047.0,0.0,0.0,train,big_sample5_17.tif,12644,14297,2000,200
64,big_sample5_17_2000_0064,0,0,1046.0,1868.0,1046.0,1868.0,0.0,0.0,train,big_sample5_17.tif,13378,12940,2000,200
65,big_sample5_17_2000_0065,0,0,1078.0,1491.0,1078.0,1491.0,0.0,0.0,train,big_sample5_17.tif,637,14126,2000,200
66,big_sample5_17_2000_0066,0,0,1839.0,675.0,1839.0,675.0,0.0,0.0,train,big_sample5_17.tif,13194,24184,2000,200
67,big_sample5_17_2000_0067,0,0,1143.0,451.0,1143.0,451.0,0.0,0.0,train,big_sample5_17.tif,14208,4635,2000,200
68,big_sample5_17_2000_0068,0,0,1692.0,1833.0,1692.0,1833.0,0.0,0.0,train,big_sample5_17.tif,11732,14281,2000,200
69,big_sample5_17_2000_0069,0,0,1099.0,1440.0,1099.0,1440.0,0.0,0.0,train,big_sample5_17.tif,1558,1786,2000,200
70,big_sample5_17_2000_0070,0,0,1774.0,213.0,1774.0,213.0,0.0,0.0,train,big_sample5_17.tif,5611,4381,2000,200
71,big_sample5_17_2000_0071,0,0,673.0,811.0,673.0,811.0,0.0,0.0,train,big_sample5_17.tif,12619,17945,2000,200
72,big_sample5_17_2000_0072,0,0,1180.0,1743.0,1180.0,1743.0,0.0,0.0,train,big_sample5_17.tif,17427,21595,2000,200
73,big_sample5_17_2000_0073,0,0,598.0,329.0,598.0,329.0,0.0,0.0,test,big_sample5_17.tif,2402,18935,2000,200
74,big_sample5_17_2000_0074,0,0,479.0,1664.0,479.0,1664.0,0.0,0.0,train,big_sample5_17.tif,10566,1818,2000,200
75,big_sample5_17_2000_0075,0,0,172.0,394.0,172.0,394.0,0.0,0.0,train,big_sample5_17.tif,11969,15675,2000,200
76,big_sample5_17_2000_0076,0,0,302.0,1380.0,302.0,1380.0,0.0,0.0,train,big_sample5_17.tif,4631,16656,2000,200
77,big_sample5_17_2000_0077,0,0,1337.0,1522.0,1337.0,1522.0,0.0,0.0,train,big_sample5_17.tif,435,11380,2000,200
78,big_sample5_17_2000_0078,0,0,575.0,455.0,575.0,455.0,0.0,0.0,train,big_sample5_17.tif,4001,2292,2000,200
79,big_sample5_17_2000_0079,0,0,1041.0,1880.0,1041.0,1880.0,0.0,0.0,train,big_sample5_17.tif,13077,19978,2000,200
80,big_sample5_17_2000_0080,0,0,177.0,1542.0,177.0,1542.0,0.0,0.0,test,big_sample5_17.tif,8963,4522,2000,200
81,big_sample5_17_2000_0081,0,0,892.0,1185.0,892.0,1185.0,0.0,0.0,val,big_sample5_17.tif,11521,11897,2000,200
82,big_sample5_17_2000_0082,0,0,1689.0,217.0,1689.0,217.0,0.0,0.0,test,big_sample5_17.tif,13589,16195,2000,200
83,big_sample5_17_2000_0083,0,0,1016.0,686.0,1016.0,686.0,0.0,0.0,train,big_sample5_17.tif,9735,20642,2000,200
84,big_sample5_17_2000_0084,0,0,310.0,974.0,310.0,974.0,0.0,0.0,train,big_sample5_17.tif,12373,24574,2000,200
85,big_sample5_17_2000_0085,0,0,1845.0,256.0,1845.0,256.0,0.0,0.0,val,big_sample5_17.tif,95,10448,2000,200
86,big_sample5_17_2000_0086,0,0,1833.0,1539.0,1833.0,1539.0,0.0,0.0,train,big_sample5_17.tif,14555,17513,2000,200
87,big_sample5_17_2000_0087,0,0,1387.0,505.0,1387.0,505.0,0.0,0.0,train,big_sample5_17.tif,12322,7967,2000,200
88,big_sample5_17_2000_0088,0,0,855.0,1075.0,855.0,1075.0,0.0,0.0,train,big_sample5_17.tif,7331,8956,2000,200
89,big_sample5_17_2000_0089,0,0,416.0,100.0,416.0,100.0,0.0,0.0,train,big_sample5_17.tif,10309,2784,2000,200
90,big_sample5_17_2000_0090,0,0,459.0,350.0,459.0,350.0,0.0,0.0,val,big_sample5_17.tif,7736,18402,2000,200
91,big_sample5_17_2000_0091,0,0,137.0,1868.0,137.0,1868.0,0.0,0.0,val,big_sample5_17.tif,6959,17398,2000,200
92,big_sample5_17_2000_0092,0,0,657.0,1864.0,657.0,1864.0,0.0,0.0,train,big_sample5_17.tif,838,20860,2000,200
93,big_sample5_17_2000_0093,0,0,1004.0,1456.0,1004.0,1456.0,0.0,0.0,train,big_sample5_17.tif,11653,24078,2000,200
94,big_sample5_17_2000_0094,0,0,544.0,1655.0,544.0,1655.0,0.0,0.0,train,big_sample5_17.tif,9059,22591,2000,200
95,big_sample5_17_2000_0095,0,0,602.0,1482.0,602.0,1482.0,0.0,0.0,train,big_sample5_17.tif,2444,17344,2000,200
96,big_sample5_17_2000_0096,0,0,591.0,804.0,591.0,804.0,0.0,0.0,train,big_sample5_17.tif,10521,14108,2000,200
97,big_sample5_17_2000_0097,0,0,126.0,871.0,126.0,871.0,0.0,0.0,train,big_sample5_17.tif,16325,1823,2000,200
98,big_sample5_17_2000_0098,0,0,1866.0,320.0,1866.0,320.0,0.0,0.0,train,big_sample5_17.tif,11543,10475,2000,200
99,big_sample5_17_2000_0099,0,0,732.0,1583.0,732.0,1583.0,0.0,0.0,train,big_sample5_17.tif,5092,23084,2000,200
