sample_id,map_id,map_crop_x,map_crop_y,cur_tile_x,cur_tile_y,tar_tile_x,tar_tile_y,vector_dx,vector_dy,split,scale,source_image
0,big_sample5_17_s1000_x0_y0,0,0,509.0,316.0,509.0,316.0,0.0,0.0,train,1.0,big_sample5_17.tif
1,big_sample5_17_s1000_x1000_y0,0,0,160.0,113.0,160.0,113.0,0.0,0.0,train,1.0,big_sample5_17.tif
3,big_sample5_17_s1000_x3000_y0,0,0,877.0,684.0,877.0,684.0,0.0,0.0,train,1.0,big_sample5_17.tif
4,big_sample5_17_s1000_x4000_y0,0,0,548.0,848.0,548.0,848.0,0.0,0.0,train,1.0,big_sample5_17.tif
7,big_sample5_17_s1000_x7000_y0,0,0,778.0,240.0,778.0,240.0,0.0,0.0,train,1.0,big_sample5_17.tif
9,big_sample5_17_s1000_x9000_y0,0,0,485.0,438.0,485.0,438.0,0.0,0.0,train,1.0,big_sample5_17.tif
10,big_sample5_17_s500_x0_y0,0,0,104.0,199.0,104.0,199.0,0.0,0.0,train,0.5,big_sample5_17.tif
11,big_sample5_17_s500_x1000_y0,0,0,521.0,618.0,521.0,618.0,0.0,0.0,train,0.5,big_sample5_17.tif
12,big_sample5_17_s500_x2000_y0,0,0,712.0,407.0,712.0,407.0,0.0,0.0,train,0.5,big_sample5_17.tif
14,big_sample5_17_s500_x4000_y0,0,0,861.0,621.0,861.0,621.0,0.0,0.0,train,0.5,big_sample5_17.tif
15,big_sample5_17_s500_x5000_y0,0,0,663.0,411.0,663.0,411.0,0.0,0.0,train,0.5,big_sample5_17.tif
16,big_sample5_17_s500_x6000_y0,0,0,563.0,677.0,563.0,677.0,0.0,0.0,train,0.5,big_sample5_17.tif
17,big_sample5_17_s500_x7000_y0,0,0,400.0,348.0,400.0,348.0,0.0,0.0,train,0.5,big_sample5_17.tif
18,big_sample5_17_s500_x8000_y0,0,0,675.0,812.0,675.0,812.0,0.0,0.0,train,0.5,big_sample5_17.tif
20,big_sample5_17_s250_x0_y0,0,0,303.0,357.0,303.0,357.0,0.0,0.0,train,0.25,big_sample5_17.tif
21,big_sample5_17_s250_x1000_y0,0,0,504.0,370.0,504.0,370.0,0.0,0.0,train,0.25,big_sample5_17.tif
22,big_sample5_17_s250_x2000_y0,0,0,362.0,813.0,362.0,813.0,0.0,0.0,train,0.25,big_sample5_17.tif
23,big_sample5_17_s250_x3000_y0,0,0,672.0,599.0,672.0,599.0,0.0,0.0,train,0.25,big_sample5_17.tif
24,big_sample5_17_s250_x0_y1000,0,0,402.0,766.0,402.0,766.0,0.0,0.0,train,0.25,big_sample5_17.tif
25,big_sample5_17_s250_x1000_y1000,0,0,353.0,291.0,353.0,291.0,0.0,0.0,train,0.25,big_sample5_17.tif
27,big_sample5_17_s250_x3000_y1000,0,0,559.0,220.0,559.0,220.0,0.0,0.0,train,0.25,big_sample5_17.tif
28,big_sample5_17_s250_x0_y2000,0,0,816.0,737.0,816.0,737.0,0.0,0.0,train,0.25,big_sample5_17.tif
29,big_sample5_17_s250_x1000_y2000,0,0,714.0,141.0,714.0,141.0,0.0,0.0,train,0.25,big_sample5_17.tif
