sample_id,map_id,map_crop_x,map_crop_y,cur_tile_x,cur_tile_y,tar_tile_x,tar_tile_y,vector_dx,vector_dy,split
0,rgb_map,0,0,694.0,200.0,651.0,818.0,-43.0,618.0,train
1,rgb_map,0,0,409.0,750.0,762.0,303.0,353.0,-447.0,train
6,rgb_map,0,0,851.0,401.0,277.0,729.0,-574.0,328.0,train
7,rgb_map,0,0,603.0,862.0,706.0,709.0,103.0,-153.0,train
8,rgb_map,0,0,684.0,164.0,630.0,568.0,-54.0,404.0,train
9,rgb_map,0,0,470.0,340.0,355.0,593.0,-115.0,253.0,train
11,rgb_map,0,0,305.0,846.0,654.0,528.0,349.0,-318.0,train
12,rgb_map,0,0,238.0,720.0,428.0,206.0,190.0,-514.0,train
14,rgb_map,0,0,845.0,821.0,159.0,752.0,-686.0,-69.0,train
15,rgb_map,0,0,486.0,628.0,773.0,497.0,287.0,-131.0,train
16,rgb_map,0,0,556.0,416.0,248.0,537.0,-308.0,121.0,train
17,rgb_map,0,0,292.0,661.0,578.0,731.0,286.0,70.0,train
18,rgb_map,0,0,144.0,533.0,880.0,285.0,736.0,-248.0,train
19,rgb_map,0,0,197.0,868.0,162.0,268.0,-35.0,-600.0,train
20,rgb_map,0,0,564.0,208.0,330.0,198.0,-234.0,-10.0,train
22,rgb_map,0,0,133.0,417.0,227.0,847.0,94.0,430.0,train
23,rgb_map,0,0,368.0,108.0,343.0,402.0,-25.0,294.0,train
24,rgb_map,0,0,744.0,204.0,284.0,182.0,-460.0,-22.0,train
25,rgb_map,0,0,293.0,610.0,443.0,714.0,150.0,104.0,train
26,rgb_map,0,0,607.0,368.0,740.0,273.0,133.0,-95.0,train
28,rgb_map,0,0,672.0,646.0,642.0,362.0,-30.0,-284.0,train
29,rgb_map,0,0,507.0,292.0,551.0,897.0,44.0,605.0,train
30,rgb_map,0,0,418.0,174.0,281.0,333.0,-137.0,159.0,train
31,rgb_map,0,0,123.0,804.0,727.0,323.0,604.0,-481.0,train
32,rgb_map,0,0,456.0,122.0,237.0,108.0,-219.0,-14.0,train
33,rgb_map,0,0,123.0,609.0,167.0,789.0,44.0,180.0,train
34,rgb_map,0,0,260.0,419.0,182.0,112.0,-78.0,-307.0,train
35,rgb_map,0,0,529.0,313.0,855.0,282.0,326.0,-31.0,train
36,rgb_map,0,0,338.0,418.0,551.0,877.0,213.0,459.0,train
37,rgb_map,0,0,471.0,180.0,187.0,181.0,-284.0,1.0,train
38,rgb_map,0,0,774.0,356.0,275.0,843.0,-499.0,487.0,train
39,rgb_map,0,0,476.0,345.0,783.0,229.0,307.0,-116.0,train
40,rgb_map,0,0,689.0,208.0,471.0,270.0,-218.0,62.0,train
41,rgb_map,0,0,196.0,789.0,401.0,669.0,205.0,-120.0,train
42,rgb_map,0,0,501.0,102.0,259.0,166.0,-242.0,64.0,train
43,rgb_map,0,0,474.0,741.0,227.0,887.0,-247.0,146.0,train
44,rgb_map,0,0,458.0,807.0,744.0,462.0,286.0,-345.0,train
45,rgb_map,0,0,632.0,775.0,104.0,170.0,-528.0,-605.0,train
46,rgb_map,0,0,823.0,262.0,103.0,469.0,-720.0,207.0,train
47,rgb_map,0,0,550.0,317.0,803.0,521.0,253.0,204.0,train
48,rgb_map,0,0,638.0,671.0,765.0,807.0,127.0,136.0,train
49,rgb_map,0,0,204.0,663.0,687.0,466.0,483.0,-197.0,train
50,rgb_map,0,0,308.0,587.0,606.0,468.0,298.0,-119.0,train
51,rgb_map,0,0,546.0,693.0,489.0,541.0,-57.0,-152.0,train
52,rgb_map,0,0,841.0,126.0,561.0,769.0,-280.0,643.0,train
53,rgb_map,0,0,139.0,854.0,784.0,891.0,645.0,37.0,train
54,rgb_map,0,0,446.0,665.0,638.0,719.0,192.0,54.0,train
55,rgb_map,0,0,858.0,805.0,836.0,793.0,-22.0,-12.0,train
56,rgb_map,0,0,189.0,259.0,327.0,630.0,138.0,371.0,train
57,rgb_map,0,0,855.0,252.0,378.0,817.0,-477.0,565.0,train
59,rgb_map,0,0,535.0,210.0,127.0,846.0,-408.0,636.0,train
61,rgb_map,0,0,645.0,457.0,733.0,217.0,88.0,-240.0,train
62,rgb_map,0,0,516.0,847.0,468.0,556.0,-48.0,-291.0,train
63,rgb_map,0,0,163.0,614.0,162.0,748.0,-1.0,134.0,train
65,rgb_map,0,0,631.0,837.0,734.0,499.0,103.0,-338.0,train
66,rgb_map,0,0,386.0,338.0,532.0,312.0,146.0,-26.0,train
67,rgb_map,0,0,683.0,217.0,817.0,613.0,134.0,396.0,train
68,rgb_map,0,0,759.0,694.0,491.0,580.0,-268.0,-114.0,train
69,rgb_map,0,0,355.0,178.0,266.0,774.0,-89.0,596.0,train
70,rgb_map,0,0,670.0,122.0,631.0,365.0,-39.0,243.0,train
71,rgb_map,0,0,328.0,725.0,793.0,352.0,465.0,-373.0,train
72,rgb_map,0,0,473.0,873.0,630.0,889.0,157.0,16.0,train
73,rgb_map,0,0,169.0,840.0,297.0,589.0,128.0,-251.0,train
74,rgb_map,0,0,790.0,842.0,299.0,345.0,-491.0,-497.0,train
76,rgb_map,0,0,585.0,887.0,900.0,224.0,315.0,-663.0,train
77,rgb_map,0,0,311.0,214.0,615.0,734.0,304.0,520.0,train
78,rgb_map,0,0,676.0,608.0,187.0,223.0,-489.0,-385.0,train
79,rgb_map,0,0,379.0,339.0,762.0,696.0,383.0,357.0,train
81,rgb_map,0,0,564.0,845.0,146.0,614.0,-418.0,-231.0,train
83,rgb_map,0,0,317.0,522.0,744.0,150.0,427.0,-372.0,train
84,rgb_map,0,0,154.0,832.0,660.0,580.0,506.0,-252.0,train
85,rgb_map,0,0,283.0,751.0,593.0,815.0,310.0,64.0,train
86,rgb_map,0,0,149.0,466.0,885.0,823.0,736.0,357.0,train
87,rgb_map,0,0,120.0,465.0,839.0,639.0,719.0,174.0,train
89,rgb_map,0,0,802.0,304.0,166.0,792.0,-636.0,488.0,train
91,rgb_map,0,0,629.0,872.0,858.0,665.0,229.0,-207.0,train
92,rgb_map,0,0,854.0,647.0,678.0,364.0,-176.0,-283.0,train
93,rgb_map,0,0,361.0,561.0,839.0,282.0,478.0,-279.0,train
94,rgb_map,0,0,794.0,694.0,680.0,428.0,-114.0,-266.0,train
95,rgb_map,0,0,743.0,522.0,882.0,200.0,139.0,-322.0,train
96,rgb_map,0,0,784.0,491.0,309.0,548.0,-475.0,57.0,train
97,rgb_map,0,0,201.0,334.0,397.0,787.0,196.0,453.0,train
100,rgb_map,0,0,599.0,631.0,322.0,318.0,-277.0,-313.0,train
102,rgb_map,0,0,669.0,318.0,771.0,802.0,102.0,484.0,train
105,rgb_map,0,0,455.0,605.0,297.0,781.0,-158.0,176.0,train
106,rgb_map,0,0,291.0,707.0,893.0,362.0,602.0,-345.0,train
108,rgb_map,0,0,251.0,578.0,305.0,306.0,54.0,-272.0,train
109,rgb_map,0,0,664.0,262.0,237.0,632.0,-427.0,370.0,train
110,rgb_map,0,0,578.0,859.0,265.0,148.0,-313.0,-711.0,train
112,rgb_map,0,0,278.0,749.0,655.0,166.0,377.0,-583.0,train
113,rgb_map,0,0,452.0,485.0,408.0,502.0,-44.0,17.0,train
114,rgb_map,0,0,645.0,360.0,376.0,159.0,-269.0,-201.0,train
115,rgb_map,0,0,139.0,392.0,835.0,479.0,696.0,87.0,train
116,rgb_map,0,0,555.0,436.0,390.0,742.0,-165.0,306.0,train
117,rgb_map,0,0,512.0,294.0,761.0,296.0,249.0,2.0,train
118,rgb_map,0,0,166.0,400.0,778.0,181.0,612.0,-219.0,train
119,rgb_map,0,0,552.0,317.0,608.0,275.0,56.0,-42.0,train
120,rgb_map,0,0,308.0,609.0,549.0,393.0,241.0,-216.0,train
121,rgb_map,0,0,419.0,377.0,116.0,300.0,-303.0,-77.0,train
123,rgb_map,0,0,694.0,707.0,144.0,366.0,-550.0,-341.0,train
124,rgb_map,0,0,771.0,589.0,686.0,364.0,-85.0,-225.0,train
125,rgb_map,0,0,865.0,188.0,337.0,588.0,-528.0,400.0,train
126,rgb_map,0,0,768.0,644.0,258.0,418.0,-510.0,-226.0,train
127,rgb_map,0,0,893.0,112.0,394.0,470.0,-499.0,358.0,train
128,rgb_map,0,0,177.0,350.0,607.0,313.0,430.0,-37.0,train
129,rgb_map,0,0,251.0,886.0,525.0,393.0,274.0,-493.0,train
130,rgb_map,0,0,651.0,897.0,648.0,331.0,-3.0,-566.0,train
132,rgb_map,0,0,487.0,613.0,837.0,529.0,350.0,-84.0,train
133,rgb_map,0,0,746.0,874.0,353.0,313.0,-393.0,-561.0,train
134,rgb_map,0,0,811.0,471.0,595.0,201.0,-216.0,-270.0,train
135,rgb_map,0,0,161.0,359.0,196.0,777.0,35.0,418.0,train
136,rgb_map,0,0,290.0,341.0,738.0,310.0,448.0,-31.0,train
137,rgb_map,0,0,656.0,334.0,624.0,357.0,-32.0,23.0,train
139,rgb_map,0,0,821.0,749.0,770.0,564.0,-51.0,-185.0,train
140,rgb_map,0,0,712.0,641.0,335.0,477.0,-377.0,-164.0,train
141,rgb_map,0,0,662.0,644.0,619.0,223.0,-43.0,-421.0,train
142,rgb_map,0,0,152.0,404.0,480.0,671.0,328.0,267.0,train
144,rgb_map,0,0,466.0,484.0,810.0,186.0,344.0,-298.0,train
146,rgb_map,0,0,374.0,880.0,407.0,549.0,33.0,-331.0,train
147,rgb_map,0,0,609.0,241.0,230.0,336.0,-379.0,95.0,train
148,rgb_map,0,0,603.0,361.0,336.0,868.0,-267.0,507.0,train
149,rgb_map,0,0,465.0,153.0,796.0,810.0,331.0,657.0,train
150,rgb_map,0,0,823.0,682.0,361.0,230.0,-462.0,-452.0,train
151,rgb_map,0,0,838.0,280.0,704.0,657.0,-134.0,377.0,train
154,rgb_map,0,0,328.0,277.0,481.0,394.0,153.0,117.0,train
155,rgb_map,0,0,232.0,396.0,778.0,763.0,546.0,367.0,train
156,rgb_map,0,0,820.0,680.0,452.0,392.0,-368.0,-288.0,train
157,rgb_map,0,0,138.0,326.0,288.0,496.0,150.0,170.0,train
158,rgb_map,0,0,787.0,408.0,104.0,576.0,-683.0,168.0,train
159,rgb_map,0,0,262.0,367.0,306.0,221.0,44.0,-146.0,train
161,rgb_map,0,0,262.0,891.0,110.0,528.0,-152.0,-363.0,train
162,rgb_map,0,0,169.0,893.0,532.0,378.0,363.0,-515.0,train
163,rgb_map,0,0,332.0,882.0,555.0,539.0,223.0,-343.0,train
164,rgb_map,0,0,130.0,647.0,229.0,373.0,99.0,-274.0,train
165,rgb_map,0,0,273.0,378.0,519.0,324.0,246.0,-54.0,train
166,rgb_map,0,0,435.0,539.0,780.0,754.0,345.0,215.0,train
168,rgb_map,0,0,413.0,597.0,437.0,758.0,24.0,161.0,train
169,rgb_map,0,0,144.0,829.0,618.0,682.0,474.0,-147.0,train
170,rgb_map,0,0,701.0,752.0,753.0,631.0,52.0,-121.0,train
171,rgb_map,0,0,598.0,393.0,219.0,206.0,-379.0,-187.0,train
172,rgb_map,0,0,477.0,307.0,799.0,819.0,322.0,512.0,train
173,rgb_map,0,0,759.0,283.0,272.0,685.0,-487.0,402.0,train
174,rgb_map,0,0,522.0,897.0,261.0,174.0,-261.0,-723.0,train
175,rgb_map,0,0,413.0,485.0,307.0,172.0,-106.0,-313.0,train
177,rgb_map,0,0,236.0,540.0,862.0,853.0,626.0,313.0,train
179,rgb_map,0,0,692.0,463.0,795.0,766.0,103.0,303.0,train
180,rgb_map,0,0,787.0,848.0,636.0,518.0,-151.0,-330.0,train
181,rgb_map,0,0,548.0,772.0,474.0,110.0,-74.0,-662.0,train
183,rgb_map,0,0,346.0,402.0,535.0,362.0,189.0,-40.0,train
184,rgb_map,0,0,299.0,805.0,539.0,513.0,240.0,-292.0,train
185,rgb_map,0,0,875.0,779.0,539.0,798.0,-336.0,19.0,train
186,rgb_map,0,0,414.0,314.0,418.0,365.0,4.0,51.0,train
187,rgb_map,0,0,541.0,249.0,706.0,898.0,165.0,649.0,train
188,rgb_map,0,0,635.0,355.0,875.0,480.0,240.0,125.0,train
189,rgb_map,0,0,613.0,345.0,282.0,586.0,-331.0,241.0,train
191,rgb_map,0,0,126.0,629.0,617.0,256.0,491.0,-373.0,train
192,rgb_map,0,0,171.0,720.0,347.0,627.0,176.0,-93.0,train
193,rgb_map,0,0,732.0,435.0,701.0,820.0,-31.0,385.0,train
194,rgb_map,0,0,809.0,887.0,208.0,488.0,-601.0,-399.0,train
196,rgb_map,0,0,765.0,823.0,504.0,160.0,-261.0,-663.0,train
197,rgb_map,0,0,800.0,418.0,459.0,528.0,-341.0,110.0,train
200,rgb_map,0,0,869.0,105.0,759.0,620.0,-110.0,515.0,train
203,rgb_map,0,0,310.0,849.0,719.0,420.0,409.0,-429.0,train
204,rgb_map,0,0,249.0,208.0,758.0,435.0,509.0,227.0,train
205,rgb_map,0,0,152.0,159.0,304.0,811.0,152.0,652.0,train
206,rgb_map,0,0,356.0,278.0,512.0,352.0,156.0,74.0,train
207,rgb_map,0,0,146.0,215.0,150.0,584.0,4.0,369.0,train
208,rgb_map,0,0,422.0,325.0,896.0,196.0,474.0,-129.0,train
209,rgb_map,0,0,641.0,648.0,855.0,201.0,214.0,-447.0,train
210,rgb_map,0,0,250.0,102.0,460.0,727.0,210.0,625.0,train
211,rgb_map,0,0,372.0,707.0,480.0,569.0,108.0,-138.0,train
213,rgb_map,0,0,100.0,759.0,352.0,499.0,252.0,-260.0,train
215,rgb_map,0,0,284.0,669.0,874.0,309.0,590.0,-360.0,train
217,rgb_map,0,0,210.0,852.0,190.0,445.0,-20.0,-407.0,train
218,rgb_map,0,0,365.0,527.0,270.0,685.0,-95.0,158.0,train
219,rgb_map,0,0,776.0,674.0,701.0,661.0,-75.0,-13.0,train
220,rgb_map,0,0,526.0,812.0,203.0,243.0,-323.0,-569.0,train
221,rgb_map,0,0,458.0,637.0,412.0,620.0,-46.0,-17.0,train
222,rgb_map,0,0,398.0,523.0,554.0,596.0,156.0,73.0,train
223,rgb_map,0,0,378.0,455.0,676.0,349.0,298.0,-106.0,train
224,rgb_map,0,0,512.0,784.0,583.0,259.0,71.0,-525.0,train
225,rgb_map,0,0,744.0,685.0,446.0,622.0,-298.0,-63.0,train
227,rgb_map,0,0,511.0,699.0,265.0,689.0,-246.0,-10.0,train
229,rgb_map,0,0,704.0,648.0,564.0,508.0,-140.0,-140.0,train
231,rgb_map,0,0,253.0,797.0,237.0,202.0,-16.0,-595.0,train
232,rgb_map,0,0,866.0,831.0,753.0,700.0,-113.0,-131.0,train
233,rgb_map,0,0,172.0,610.0,830.0,363.0,658.0,-247.0,train
234,rgb_map,0,0,419.0,257.0,800.0,681.0,381.0,424.0,train
235,rgb_map,0,0,487.0,154.0,603.0,518.0,116.0,364.0,train
236,rgb_map,0,0,140.0,272.0,610.0,330.0,470.0,58.0,train
237,rgb_map,0,0,665.0,853.0,562.0,312.0,-103.0,-541.0,train
238,rgb_map,0,0,840.0,106.0,888.0,480.0,48.0,374.0,train
239,rgb_map,0,0,323.0,897.0,716.0,868.0,393.0,-29.0,train
240,rgb_map,0,0,346.0,154.0,506.0,525.0,160.0,371.0,train
241,rgb_map,0,0,452.0,528.0,608.0,626.0,156.0,98.0,train
242,rgb_map,0,0,662.0,622.0,383.0,434.0,-279.0,-188.0,train
243,rgb_map,0,0,668.0,250.0,814.0,703.0,146.0,453.0,train
245,rgb_map,0,0,437.0,737.0,562.0,125.0,125.0,-612.0,train
246,rgb_map,0,0,271.0,638.0,300.0,148.0,29.0,-490.0,train
248,rgb_map,0,0,740.0,716.0,659.0,731.0,-81.0,15.0,train
249,rgb_map,0,0,837.0,437.0,108.0,734.0,-729.0,297.0,train
250,rgb_map,0,0,543.0,183.0,377.0,310.0,-166.0,127.0,train
252,rgb_map,0,0,886.0,475.0,206.0,512.0,-680.0,37.0,train
253,rgb_map,0,0,802.0,415.0,209.0,213.0,-593.0,-202.0,train
254,rgb_map,0,0,639.0,352.0,431.0,481.0,-208.0,129.0,train
255,rgb_map,0,0,110.0,576.0,307.0,586.0,197.0,10.0,train
256,rgb_map,0,0,291.0,155.0,342.0,189.0,51.0,34.0,train
259,rgb_map,0,0,432.0,353.0,320.0,318.0,-112.0,-35.0,train
261,rgb_map,0,0,644.0,403.0,611.0,277.0,-33.0,-126.0,train
262,rgb_map,0,0,549.0,161.0,515.0,586.0,-34.0,425.0,train
263,rgb_map,0,0,224.0,554.0,339.0,322.0,115.0,-232.0,train
264,rgb_map,0,0,126.0,103.0,147.0,246.0,21.0,143.0,train
265,rgb_map,0,0,373.0,142.0,124.0,247.0,-249.0,105.0,train
266,rgb_map,0,0,733.0,571.0,533.0,894.0,-200.0,323.0,train
267,rgb_map,0,0,690.0,476.0,634.0,779.0,-56.0,303.0,train
268,rgb_map,0,0,280.0,555.0,382.0,755.0,102.0,200.0,train
269,rgb_map,0,0,138.0,381.0,420.0,852.0,282.0,471.0,train
270,rgb_map,0,0,832.0,552.0,733.0,538.0,-99.0,-14.0,train
273,rgb_map,0,0,126.0,852.0,137.0,869.0,11.0,17.0,train
275,rgb_map,0,0,677.0,201.0,282.0,436.0,-395.0,235.0,train
277,rgb_map,0,0,432.0,479.0,390.0,199.0,-42.0,-280.0,train
279,rgb_map,0,0,141.0,821.0,568.0,550.0,427.0,-271.0,train
280,rgb_map,0,0,829.0,762.0,336.0,155.0,-493.0,-607.0,train
282,rgb_map,0,0,601.0,417.0,266.0,695.0,-335.0,278.0,train
284,rgb_map,0,0,649.0,163.0,327.0,627.0,-322.0,464.0,train
286,rgb_map,0,0,619.0,663.0,230.0,510.0,-389.0,-153.0,train
287,rgb_map,0,0,600.0,643.0,151.0,626.0,-449.0,-17.0,train
288,rgb_map,0,0,724.0,374.0,753.0,724.0,29.0,350.0,train
289,rgb_map,0,0,633.0,751.0,443.0,483.0,-190.0,-268.0,train
291,rgb_map,0,0,151.0,427.0,432.0,860.0,281.0,433.0,train
294,rgb_map,0,0,676.0,430.0,596.0,347.0,-80.0,-83.0,train
295,rgb_map,0,0,834.0,834.0,654.0,719.0,-180.0,-115.0,train
296,rgb_map,0,0,125.0,694.0,682.0,801.0,557.0,107.0,train
297,rgb_map,0,0,387.0,216.0,491.0,193.0,104.0,-23.0,train
298,rgb_map,0,0,335.0,689.0,747.0,766.0,412.0,77.0,train
299,rgb_map,0,0,226.0,614.0,711.0,602.0,485.0,-12.0,train
300,rgb_map,0,0,782.0,363.0,257.0,558.0,-525.0,195.0,train
301,rgb_map,0,0,454.0,862.0,618.0,467.0,164.0,-395.0,train
302,rgb_map,0,0,873.0,817.0,319.0,616.0,-554.0,-201.0,train
303,rgb_map,0,0,677.0,775.0,809.0,246.0,132.0,-529.0,train
304,rgb_map,0,0,700.0,210.0,432.0,548.0,-268.0,338.0,train
305,rgb_map,0,0,358.0,436.0,838.0,310.0,480.0,-126.0,train
306,rgb_map,0,0,587.0,510.0,484.0,311.0,-103.0,-199.0,train
307,rgb_map,0,0,175.0,674.0,577.0,477.0,402.0,-197.0,train
308,rgb_map,0,0,563.0,595.0,820.0,795.0,257.0,200.0,train
309,rgb_map,0,0,862.0,682.0,395.0,297.0,-467.0,-385.0,train
311,rgb_map,0,0,722.0,680.0,898.0,821.0,176.0,141.0,train
312,rgb_map,0,0,245.0,763.0,439.0,447.0,194.0,-316.0,train
313,rgb_map,0,0,579.0,360.0,834.0,615.0,255.0,255.0,train
314,rgb_map,0,0,427.0,179.0,813.0,243.0,386.0,64.0,train
316,rgb_map,0,0,137.0,858.0,657.0,334.0,520.0,-524.0,train
317,rgb_map,0,0,327.0,181.0,436.0,328.0,109.0,147.0,train
318,rgb_map,0,0,800.0,112.0,389.0,718.0,-411.0,606.0,train
319,rgb_map,0,0,419.0,159.0,467.0,604.0,48.0,445.0,train
320,rgb_map,0,0,338.0,624.0,557.0,804.0,219.0,180.0,train
321,rgb_map,0,0,662.0,319.0,263.0,795.0,-399.0,476.0,train
322,rgb_map,0,0,755.0,520.0,849.0,631.0,94.0,111.0,train
323,rgb_map,0,0,352.0,247.0,797.0,655.0,445.0,408.0,train
324,rgb_map,0,0,143.0,279.0,410.0,238.0,267.0,-41.0,train
325,rgb_map,0,0,707.0,224.0,676.0,330.0,-31.0,106.0,train
327,rgb_map,0,0,545.0,406.0,135.0,183.0,-410.0,-223.0,train
329,rgb_map,0,0,213.0,763.0,371.0,233.0,158.0,-530.0,train
330,rgb_map,0,0,235.0,177.0,465.0,363.0,230.0,186.0,train
331,rgb_map,0,0,389.0,736.0,236.0,839.0,-153.0,103.0,train
333,rgb_map,0,0,139.0,590.0,187.0,659.0,48.0,69.0,train
334,rgb_map,0,0,528.0,459.0,831.0,346.0,303.0,-113.0,train
335,rgb_map,0,0,505.0,865.0,342.0,434.0,-163.0,-431.0,train
336,rgb_map,0,0,716.0,523.0,104.0,313.0,-612.0,-210.0,train
337,rgb_map,0,0,768.0,503.0,788.0,823.0,20.0,320.0,train
338,rgb_map,0,0,169.0,471.0,245.0,240.0,76.0,-231.0,train
340,rgb_map,0,0,659.0,545.0,865.0,806.0,206.0,261.0,train
341,rgb_map,0,0,158.0,847.0,312.0,829.0,154.0,-18.0,train
342,rgb_map,0,0,791.0,502.0,314.0,761.0,-477.0,259.0,train
343,rgb_map,0,0,232.0,305.0,332.0,703.0,100.0,398.0,train
344,rgb_map,0,0,467.0,496.0,257.0,696.0,-210.0,200.0,train
345,rgb_map,0,0,380.0,476.0,580.0,629.0,200.0,153.0,train
346,rgb_map,0,0,192.0,782.0,689.0,189.0,497.0,-593.0,train
347,rgb_map,0,0,584.0,618.0,123.0,817.0,-461.0,199.0,train
349,rgb_map,0,0,696.0,500.0,649.0,329.0,-47.0,-171.0,train
350,rgb_map,0,0,159.0,676.0,130.0,633.0,-29.0,-43.0,train
351,rgb_map,0,0,266.0,875.0,192.0,205.0,-74.0,-670.0,train
352,rgb_map,0,0,342.0,397.0,507.0,456.0,165.0,59.0,train
353,rgb_map,0,0,688.0,234.0,271.0,336.0,-417.0,102.0,train
354,rgb_map,0,0,184.0,878.0,840.0,159.0,656.0,-719.0,train
355,rgb_map,0,0,420.0,573.0,804.0,648.0,384.0,75.0,train
356,rgb_map,0,0,108.0,193.0,752.0,220.0,644.0,27.0,train
357,rgb_map,0,0,580.0,850.0,691.0,519.0,111.0,-331.0,train
358,rgb_map,0,0,689.0,786.0,476.0,520.0,-213.0,-266.0,train
359,rgb_map,0,0,417.0,576.0,174.0,203.0,-243.0,-373.0,train
360,rgb_map,0,0,813.0,776.0,576.0,374.0,-237.0,-402.0,train
361,rgb_map,0,0,485.0,376.0,295.0,695.0,-190.0,319.0,train
362,rgb_map,0,0,896.0,374.0,120.0,307.0,-776.0,-67.0,train
363,rgb_map,0,0,482.0,673.0,792.0,423.0,310.0,-250.0,train
364,rgb_map,0,0,253.0,206.0,629.0,651.0,376.0,445.0,train
365,rgb_map,0,0,521.0,710.0,304.0,733.0,-217.0,23.0,train
367,rgb_map,0,0,690.0,845.0,464.0,881.0,-226.0,36.0,train
368,rgb_map,0,0,722.0,400.0,774.0,451.0,52.0,51.0,train
369,rgb_map,0,0,665.0,637.0,873.0,543.0,208.0,-94.0,train
371,rgb_map,0,0,466.0,139.0,588.0,788.0,122.0,649.0,train
372,rgb_map,0,0,473.0,445.0,113.0,669.0,-360.0,224.0,train
373,rgb_map,0,0,817.0,288.0,450.0,539.0,-367.0,251.0,train
374,rgb_map,0,0,104.0,313.0,703.0,239.0,599.0,-74.0,train
375,rgb_map,0,0,396.0,698.0,144.0,113.0,-252.0,-585.0,train
376,rgb_map,0,0,375.0,258.0,377.0,108.0,2.0,-150.0,train
377,rgb_map,0,0,243.0,341.0,478.0,539.0,235.0,198.0,train
378,rgb_map,0,0,241.0,297.0,391.0,527.0,150.0,230.0,train
380,rgb_map,0,0,646.0,558.0,625.0,800.0,-21.0,242.0,train
381,rgb_map,0,0,475.0,886.0,361.0,155.0,-114.0,-731.0,train
382,rgb_map,0,0,820.0,663.0,127.0,797.0,-693.0,134.0,train
383,rgb_map,0,0,898.0,146.0,837.0,310.0,-61.0,164.0,train
384,rgb_map,0,0,828.0,743.0,875.0,224.0,47.0,-519.0,train
385,rgb_map,0,0,882.0,188.0,453.0,408.0,-429.0,220.0,train
388,rgb_map,0,0,418.0,324.0,415.0,449.0,-3.0,125.0,train
389,rgb_map,0,0,648.0,761.0,332.0,408.0,-316.0,-353.0,train
390,rgb_map,0,0,583.0,533.0,451.0,257.0,-132.0,-276.0,train
394,rgb_map,0,0,565.0,327.0,884.0,380.0,319.0,53.0,train
395,rgb_map,0,0,314.0,204.0,888.0,332.0,574.0,128.0,train
396,rgb_map,0,0,151.0,616.0,102.0,660.0,-49.0,44.0,train
397,rgb_map,0,0,523.0,490.0,120.0,370.0,-403.0,-120.0,train
398,rgb_map,0,0,285.0,204.0,539.0,387.0,254.0,183.0,train
399,rgb_map,0,0,192.0,778.0,670.0,766.0,478.0,-12.0,train
400,rgb_map,0,0,243.0,297.0,592.0,733.0,349.0,436.0,train
401,rgb_map,0,0,461.0,617.0,653.0,898.0,192.0,281.0,train
402,rgb_map,0,0,690.0,645.0,686.0,619.0,-4.0,-26.0,train
403,rgb_map,0,0,830.0,246.0,583.0,816.0,-247.0,570.0,train
404,rgb_map,0,0,352.0,892.0,897.0,627.0,545.0,-265.0,train
405,rgb_map,0,0,598.0,112.0,206.0,129.0,-392.0,17.0,train
406,rgb_map,0,0,360.0,452.0,550.0,717.0,190.0,265.0,train
407,rgb_map,0,0,422.0,679.0,433.0,498.0,11.0,-181.0,train
408,rgb_map,0,0,738.0,895.0,638.0,143.0,-100.0,-752.0,train
409,rgb_map,0,0,237.0,527.0,736.0,201.0,499.0,-326.0,train
410,rgb_map,0,0,634.0,414.0,311.0,873.0,-323.0,459.0,train
411,rgb_map,0,0,875.0,556.0,202.0,670.0,-673.0,114.0,train
412,rgb_map,0,0,190.0,703.0,209.0,894.0,19.0,191.0,train
413,rgb_map,0,0,403.0,543.0,308.0,445.0,-95.0,-98.0,train
415,rgb_map,0,0,154.0,876.0,577.0,896.0,423.0,20.0,train
416,rgb_map,0,0,771.0,836.0,558.0,478.0,-213.0,-358.0,train
417,rgb_map,0,0,236.0,743.0,770.0,445.0,534.0,-298.0,train
418,rgb_map,0,0,566.0,518.0,302.0,802.0,-264.0,284.0,train
419,rgb_map,0,0,299.0,642.0,714.0,271.0,415.0,-371.0,train
423,rgb_map,0,0,724.0,418.0,481.0,467.0,-243.0,49.0,train
424,rgb_map,0,0,604.0,413.0,726.0,512.0,122.0,99.0,train
425,rgb_map,0,0,328.0,449.0,199.0,270.0,-129.0,-179.0,train
427,rgb_map,0,0,324.0,574.0,624.0,295.0,300.0,-279.0,train
428,rgb_map,0,0,394.0,674.0,665.0,162.0,271.0,-512.0,train
429,rgb_map,0,0,297.0,203.0,461.0,613.0,164.0,410.0,train
431,rgb_map,0,0,612.0,646.0,261.0,657.0,-351.0,11.0,train
432,rgb_map,0,0,711.0,716.0,179.0,842.0,-532.0,126.0,train
433,rgb_map,0,0,162.0,475.0,505.0,144.0,343.0,-331.0,train
434,rgb_map,0,0,468.0,862.0,205.0,563.0,-263.0,-299.0,train
435,rgb_map,0,0,760.0,624.0,845.0,861.0,85.0,237.0,train
436,rgb_map,0,0,497.0,739.0,418.0,288.0,-79.0,-451.0,train
438,rgb_map,0,0,887.0,705.0,882.0,390.0,-5.0,-315.0,train
439,rgb_map,0,0,679.0,378.0,343.0,662.0,-336.0,284.0,train
440,rgb_map,0,0,300.0,771.0,129.0,161.0,-171.0,-610.0,train
442,rgb_map,0,0,776.0,490.0,513.0,423.0,-263.0,-67.0,train
443,rgb_map,0,0,379.0,839.0,418.0,425.0,39.0,-414.0,train
445,rgb_map,0,0,590.0,701.0,350.0,601.0,-240.0,-100.0,train
446,rgb_map,0,0,421.0,379.0,483.0,477.0,62.0,98.0,train
447,rgb_map,0,0,150.0,578.0,184.0,603.0,34.0,25.0,train
448,rgb_map,0,0,127.0,398.0,210.0,179.0,83.0,-219.0,train
449,rgb_map,0,0,163.0,299.0,221.0,493.0,58.0,194.0,train
450,rgb_map,0,0,227.0,474.0,790.0,240.0,563.0,-234.0,train
451,rgb_map,0,0,687.0,706.0,564.0,896.0,-123.0,190.0,train
452,rgb_map,0,0,409.0,784.0,595.0,253.0,186.0,-531.0,train
453,rgb_map,0,0,531.0,413.0,877.0,238.0,346.0,-175.0,train
454,rgb_map,0,0,747.0,619.0,244.0,598.0,-503.0,-21.0,train
455,rgb_map,0,0,802.0,587.0,177.0,357.0,-625.0,-230.0,train
457,rgb_map,0,0,149.0,812.0,464.0,269.0,315.0,-543.0,train
458,rgb_map,0,0,421.0,149.0,294.0,171.0,-127.0,22.0,train
459,rgb_map,0,0,576.0,517.0,185.0,483.0,-391.0,-34.0,train
461,rgb_map,0,0,245.0,331.0,657.0,570.0,412.0,239.0,train
465,rgb_map,0,0,176.0,184.0,456.0,363.0,280.0,179.0,train
466,rgb_map,0,0,482.0,201.0,187.0,638.0,-295.0,437.0,train
467,rgb_map,0,0,831.0,185.0,598.0,822.0,-233.0,637.0,train
468,rgb_map,0,0,770.0,709.0,799.0,832.0,29.0,123.0,train
469,rgb_map,0,0,143.0,262.0,329.0,844.0,186.0,582.0,train
470,rgb_map,0,0,756.0,130.0,837.0,194.0,81.0,64.0,train
471,rgb_map,0,0,623.0,792.0,741.0,258.0,118.0,-534.0,train
472,rgb_map,0,0,170.0,274.0,444.0,418.0,274.0,144.0,train
476,rgb_map,0,0,745.0,858.0,852.0,145.0,107.0,-713.0,train
477,rgb_map,0,0,505.0,148.0,112.0,270.0,-393.0,122.0,train
478,rgb_map,0,0,727.0,358.0,735.0,757.0,8.0,399.0,train
479,rgb_map,0,0,200.0,316.0,359.0,580.0,159.0,264.0,train
480,rgb_map,0,0,615.0,200.0,846.0,223.0,231.0,23.0,train
481,rgb_map,0,0,731.0,343.0,652.0,319.0,-79.0,-24.0,train
482,rgb_map,0,0,308.0,445.0,108.0,357.0,-200.0,-88.0,train
483,rgb_map,0,0,354.0,572.0,316.0,599.0,-38.0,27.0,train
485,rgb_map,0,0,827.0,700.0,240.0,362.0,-587.0,-338.0,train
486,rgb_map,0,0,396.0,338.0,292.0,763.0,-104.0,425.0,train
487,rgb_map,0,0,547.0,107.0,460.0,164.0,-87.0,57.0,train
489,rgb_map,0,0,621.0,803.0,869.0,306.0,248.0,-497.0,train
492,rgb_map,0,0,482.0,604.0,773.0,485.0,291.0,-119.0,train
493,rgb_map,0,0,266.0,734.0,201.0,451.0,-65.0,-283.0,train
495,rgb_map,0,0,704.0,223.0,105.0,520.0,-599.0,297.0,train
498,rgb_map,0,0,274.0,607.0,542.0,814.0,268.0,207.0,train
499,rgb_map,0,0,681.0,225.0,435.0,639.0,-246.0,414.0,train
500,rgb_map,0,0,587.0,138.0,790.0,551.0,203.0,413.0,train
502,rgb_map,0,0,150.0,600.0,529.0,616.0,379.0,16.0,train
503,rgb_map,0,0,720.0,210.0,197.0,427.0,-523.0,217.0,train
504,rgb_map,0,0,819.0,310.0,670.0,723.0,-149.0,413.0,train
507,rgb_map,0,0,123.0,614.0,241.0,407.0,118.0,-207.0,train
508,rgb_map,0,0,609.0,159.0,498.0,724.0,-111.0,565.0,train
510,rgb_map,0,0,289.0,803.0,758.0,843.0,469.0,40.0,train
511,rgb_map,0,0,890.0,314.0,514.0,246.0,-376.0,-68.0,train
515,rgb_map,0,0,774.0,407.0,120.0,229.0,-654.0,-178.0,train
516,rgb_map,0,0,528.0,334.0,495.0,706.0,-33.0,372.0,train
517,rgb_map,0,0,116.0,451.0,642.0,464.0,526.0,13.0,train
518,rgb_map,0,0,274.0,302.0,105.0,224.0,-169.0,-78.0,train
519,rgb_map,0,0,820.0,408.0,292.0,696.0,-528.0,288.0,train
520,rgb_map,0,0,406.0,839.0,825.0,664.0,419.0,-175.0,train
521,rgb_map,0,0,477.0,854.0,405.0,453.0,-72.0,-401.0,train
522,rgb_map,0,0,257.0,710.0,733.0,687.0,476.0,-23.0,train
523,rgb_map,0,0,168.0,803.0,506.0,602.0,338.0,-201.0,train
524,rgb_map,0,0,358.0,557.0,592.0,724.0,234.0,167.0,train
525,rgb_map,0,0,709.0,360.0,804.0,132.0,95.0,-228.0,train
526,rgb_map,0,0,571.0,645.0,533.0,508.0,-38.0,-137.0,train
527,rgb_map,0,0,544.0,231.0,384.0,643.0,-160.0,412.0,train
529,rgb_map,0,0,242.0,746.0,680.0,892.0,438.0,146.0,train
530,rgb_map,0,0,105.0,513.0,356.0,176.0,251.0,-337.0,train
531,rgb_map,0,0,581.0,461.0,428.0,391.0,-153.0,-70.0,train
532,rgb_map,0,0,350.0,557.0,400.0,725.0,50.0,168.0,train
533,rgb_map,0,0,885.0,351.0,136.0,817.0,-749.0,466.0,train
534,rgb_map,0,0,778.0,873.0,677.0,100.0,-101.0,-773.0,train
535,rgb_map,0,0,435.0,580.0,625.0,102.0,190.0,-478.0,train
536,rgb_map,0,0,303.0,412.0,163.0,894.0,-140.0,482.0,train
537,rgb_map,0,0,714.0,150.0,172.0,229.0,-542.0,79.0,train
538,rgb_map,0,0,562.0,641.0,324.0,771.0,-238.0,130.0,train
539,rgb_map,0,0,252.0,723.0,252.0,715.0,0.0,-8.0,train
540,rgb_map,0,0,111.0,893.0,593.0,872.0,482.0,-21.0,train
541,rgb_map,0,0,540.0,344.0,156.0,325.0,-384.0,-19.0,train
542,rgb_map,0,0,774.0,153.0,146.0,447.0,-628.0,294.0,train
543,rgb_map,0,0,745.0,430.0,269.0,495.0,-476.0,65.0,train
545,rgb_map,0,0,592.0,229.0,120.0,324.0,-472.0,95.0,train
547,rgb_map,0,0,775.0,224.0,467.0,806.0,-308.0,582.0,train
548,rgb_map,0,0,155.0,414.0,177.0,121.0,22.0,-293.0,train
549,rgb_map,0,0,805.0,705.0,427.0,782.0,-378.0,77.0,train
550,rgb_map,0,0,525.0,226.0,260.0,172.0,-265.0,-54.0,train
551,rgb_map,0,0,890.0,438.0,220.0,121.0,-670.0,-317.0,train
552,rgb_map,0,0,642.0,709.0,473.0,772.0,-169.0,63.0,train
553,rgb_map,0,0,648.0,523.0,215.0,425.0,-433.0,-98.0,train
554,rgb_map,0,0,516.0,870.0,734.0,736.0,218.0,-134.0,train
555,rgb_map,0,0,344.0,107.0,295.0,858.0,-49.0,751.0,train
556,rgb_map,0,0,746.0,688.0,794.0,816.0,48.0,128.0,train
557,rgb_map,0,0,775.0,101.0,379.0,329.0,-396.0,228.0,train
558,rgb_map,0,0,365.0,271.0,360.0,448.0,-5.0,177.0,train
559,rgb_map,0,0,206.0,148.0,305.0,746.0,99.0,598.0,train
560,rgb_map,0,0,425.0,814.0,389.0,732.0,-36.0,-82.0,train
561,rgb_map,0,0,556.0,432.0,597.0,389.0,41.0,-43.0,train
563,rgb_map,0,0,220.0,422.0,896.0,777.0,676.0,355.0,train
564,rgb_map,0,0,124.0,798.0,348.0,779.0,224.0,-19.0,train
565,rgb_map,0,0,617.0,262.0,233.0,500.0,-384.0,238.0,train
566,rgb_map,0,0,895.0,616.0,348.0,135.0,-547.0,-481.0,train
568,rgb_map,0,0,465.0,249.0,336.0,730.0,-129.0,481.0,train
569,rgb_map,0,0,806.0,342.0,593.0,428.0,-213.0,86.0,train
570,rgb_map,0,0,583.0,680.0,596.0,126.0,13.0,-554.0,train
571,rgb_map,0,0,837.0,549.0,591.0,173.0,-246.0,-376.0,train
572,rgb_map,0,0,762.0,334.0,313.0,290.0,-449.0,-44.0,train
573,rgb_map,0,0,630.0,387.0,502.0,650.0,-128.0,263.0,train
574,rgb_map,0,0,251.0,629.0,776.0,711.0,525.0,82.0,train
575,rgb_map,0,0,395.0,840.0,706.0,475.0,311.0,-365.0,train
576,rgb_map,0,0,509.0,497.0,180.0,606.0,-329.0,109.0,train
578,rgb_map,0,0,814.0,535.0,147.0,289.0,-667.0,-246.0,train
579,rgb_map,0,0,643.0,423.0,304.0,512.0,-339.0,89.0,train
580,rgb_map,0,0,410.0,199.0,648.0,402.0,238.0,203.0,train
581,rgb_map,0,0,148.0,610.0,439.0,537.0,291.0,-73.0,train
582,rgb_map,0,0,354.0,394.0,865.0,840.0,511.0,446.0,train
583,rgb_map,0,0,300.0,849.0,242.0,532.0,-58.0,-317.0,train
584,rgb_map,0,0,649.0,110.0,313.0,433.0,-336.0,323.0,train
585,rgb_map,0,0,730.0,523.0,292.0,237.0,-438.0,-286.0,train
586,rgb_map,0,0,453.0,128.0,466.0,598.0,13.0,470.0,train
587,rgb_map,0,0,146.0,301.0,413.0,168.0,267.0,-133.0,train
590,rgb_map,0,0,362.0,552.0,562.0,891.0,200.0,339.0,train
592,rgb_map,0,0,635.0,366.0,802.0,292.0,167.0,-74.0,train
593,rgb_map,0,0,228.0,330.0,416.0,300.0,188.0,-30.0,train
594,rgb_map,0,0,670.0,138.0,895.0,350.0,225.0,212.0,train
595,rgb_map,0,0,559.0,516.0,178.0,575.0,-381.0,59.0,train
596,rgb_map,0,0,191.0,882.0,856.0,734.0,665.0,-148.0,train
598,rgb_map,0,0,347.0,336.0,767.0,765.0,420.0,429.0,train
600,rgb_map,0,0,883.0,281.0,214.0,635.0,-669.0,354.0,train
601,rgb_map,0,0,332.0,709.0,654.0,145.0,322.0,-564.0,train
602,rgb_map,0,0,151.0,774.0,567.0,696.0,416.0,-78.0,train
603,rgb_map,0,0,468.0,759.0,676.0,697.0,208.0,-62.0,train
605,rgb_map,0,0,109.0,124.0,217.0,233.0,108.0,109.0,train
606,rgb_map,0,0,413.0,145.0,248.0,208.0,-165.0,63.0,train
607,rgb_map,0,0,894.0,644.0,323.0,642.0,-571.0,-2.0,train
608,rgb_map,0,0,144.0,269.0,499.0,502.0,355.0,233.0,train
610,rgb_map,0,0,782.0,729.0,561.0,234.0,-221.0,-495.0,train
611,rgb_map,0,0,345.0,892.0,653.0,523.0,308.0,-369.0,train
612,rgb_map,0,0,254.0,459.0,817.0,267.0,563.0,-192.0,train
613,rgb_map,0,0,482.0,132.0,629.0,309.0,147.0,177.0,train
615,rgb_map,0,0,713.0,599.0,503.0,244.0,-210.0,-355.0,train
616,rgb_map,0,0,281.0,781.0,337.0,421.0,56.0,-360.0,train
617,rgb_map,0,0,309.0,359.0,429.0,812.0,120.0,453.0,train
618,rgb_map,0,0,204.0,872.0,255.0,478.0,51.0,-394.0,train
619,rgb_map,0,0,336.0,847.0,743.0,648.0,407.0,-199.0,train
620,rgb_map,0,0,769.0,810.0,832.0,437.0,63.0,-373.0,train
622,rgb_map,0,0,236.0,725.0,111.0,351.0,-125.0,-374.0,train
623,rgb_map,0,0,491.0,855.0,898.0,700.0,407.0,-155.0,train
624,rgb_map,0,0,842.0,113.0,594.0,187.0,-248.0,74.0,train
625,rgb_map,0,0,121.0,886.0,168.0,842.0,47.0,-44.0,train
626,rgb_map,0,0,680.0,536.0,255.0,562.0,-425.0,26.0,train
627,rgb_map,0,0,551.0,584.0,423.0,533.0,-128.0,-51.0,train
628,rgb_map,0,0,240.0,305.0,754.0,711.0,514.0,406.0,train
630,rgb_map,0,0,811.0,709.0,502.0,700.0,-309.0,-9.0,train
631,rgb_map,0,0,221.0,802.0,513.0,475.0,292.0,-327.0,train
632,rgb_map,0,0,817.0,122.0,446.0,800.0,-371.0,678.0,train
633,rgb_map,0,0,169.0,394.0,702.0,421.0,533.0,27.0,train
635,rgb_map,0,0,373.0,427.0,878.0,248.0,505.0,-179.0,train
636,rgb_map,0,0,441.0,458.0,695.0,838.0,254.0,380.0,train
637,rgb_map,0,0,472.0,743.0,554.0,822.0,82.0,79.0,train
638,rgb_map,0,0,324.0,204.0,193.0,586.0,-131.0,382.0,train
639,rgb_map,0,0,574.0,598.0,398.0,411.0,-176.0,-187.0,train
641,rgb_map,0,0,587.0,619.0,187.0,506.0,-400.0,-113.0,train
643,rgb_map,0,0,366.0,686.0,727.0,225.0,361.0,-461.0,train
644,rgb_map,0,0,619.0,496.0,881.0,210.0,262.0,-286.0,train
645,rgb_map,0,0,244.0,273.0,831.0,370.0,587.0,97.0,train
646,rgb_map,0,0,852.0,432.0,302.0,607.0,-550.0,175.0,train
647,rgb_map,0,0,145.0,511.0,503.0,740.0,358.0,229.0,train
649,rgb_map,0,0,860.0,231.0,653.0,254.0,-207.0,23.0,train
651,rgb_map,0,0,715.0,324.0,400.0,814.0,-315.0,490.0,train
652,rgb_map,0,0,204.0,250.0,208.0,193.0,4.0,-57.0,train
653,rgb_map,0,0,203.0,324.0,348.0,115.0,145.0,-209.0,train
654,rgb_map,0,0,100.0,464.0,376.0,808.0,276.0,344.0,train
655,rgb_map,0,0,367.0,243.0,827.0,124.0,460.0,-119.0,train
656,rgb_map,0,0,133.0,782.0,801.0,746.0,668.0,-36.0,train
657,rgb_map,0,0,320.0,897.0,345.0,144.0,25.0,-753.0,train
658,rgb_map,0,0,577.0,526.0,614.0,727.0,37.0,201.0,train
661,rgb_map,0,0,719.0,339.0,176.0,367.0,-543.0,28.0,train
662,rgb_map,0,0,622.0,101.0,306.0,507.0,-316.0,406.0,train
664,rgb_map,0,0,810.0,651.0,645.0,730.0,-165.0,79.0,train
665,rgb_map,0,0,584.0,567.0,898.0,859.0,314.0,292.0,train
667,rgb_map,0,0,195.0,606.0,549.0,175.0,354.0,-431.0,train
669,rgb_map,0,0,406.0,620.0,317.0,886.0,-89.0,266.0,train
670,rgb_map,0,0,722.0,445.0,825.0,710.0,103.0,265.0,train
671,rgb_map,0,0,504.0,514.0,847.0,402.0,343.0,-112.0,train
673,rgb_map,0,0,810.0,123.0,631.0,627.0,-179.0,504.0,train
674,rgb_map,0,0,178.0,888.0,503.0,537.0,325.0,-351.0,train
675,rgb_map,0,0,743.0,629.0,150.0,429.0,-593.0,-200.0,train
676,rgb_map,0,0,648.0,112.0,802.0,386.0,154.0,274.0,train
679,rgb_map,0,0,559.0,679.0,479.0,254.0,-80.0,-425.0,train
681,rgb_map,0,0,161.0,614.0,514.0,270.0,353.0,-344.0,train
682,rgb_map,0,0,853.0,758.0,571.0,840.0,-282.0,82.0,train
683,rgb_map,0,0,658.0,535.0,476.0,859.0,-182.0,324.0,train
684,rgb_map,0,0,678.0,172.0,800.0,475.0,122.0,303.0,train
685,rgb_map,0,0,532.0,631.0,880.0,319.0,348.0,-312.0,train
686,rgb_map,0,0,702.0,551.0,400.0,839.0,-302.0,288.0,train
688,rgb_map,0,0,732.0,399.0,260.0,327.0,-472.0,-72.0,train
689,rgb_map,0,0,673.0,619.0,758.0,641.0,85.0,22.0,train
690,rgb_map,0,0,116.0,546.0,360.0,605.0,244.0,59.0,train
692,rgb_map,0,0,292.0,889.0,330.0,877.0,38.0,-12.0,train
694,rgb_map,0,0,518.0,169.0,605.0,578.0,87.0,409.0,train
695,rgb_map,0,0,818.0,124.0,112.0,117.0,-706.0,-7.0,train
696,rgb_map,0,0,266.0,732.0,849.0,533.0,583.0,-199.0,train
698,rgb_map,0,0,897.0,213.0,779.0,121.0,-118.0,-92.0,train
699,rgb_map,0,0,350.0,863.0,159.0,584.0,-191.0,-279.0,train
701,rgb_map,0,0,736.0,491.0,888.0,204.0,152.0,-287.0,train
702,rgb_map,0,0,467.0,895.0,412.0,495.0,-55.0,-400.0,train
703,rgb_map,0,0,583.0,808.0,568.0,773.0,-15.0,-35.0,train
704,rgb_map,0,0,166.0,776.0,709.0,232.0,543.0,-544.0,train
705,rgb_map,0,0,686.0,634.0,755.0,881.0,69.0,247.0,train
706,rgb_map,0,0,600.0,577.0,799.0,398.0,199.0,-179.0,train
707,rgb_map,0,0,696.0,278.0,548.0,312.0,-148.0,34.0,train
708,rgb_map,0,0,802.0,527.0,708.0,267.0,-94.0,-260.0,train
709,rgb_map,0,0,748.0,180.0,545.0,657.0,-203.0,477.0,train
710,rgb_map,0,0,173.0,329.0,355.0,873.0,182.0,544.0,train
711,rgb_map,0,0,195.0,388.0,139.0,410.0,-56.0,22.0,train
712,rgb_map,0,0,347.0,406.0,355.0,201.0,8.0,-205.0,train
713,rgb_map,0,0,775.0,669.0,428.0,786.0,-347.0,117.0,train
715,rgb_map,0,0,231.0,314.0,373.0,813.0,142.0,499.0,train
716,rgb_map,0,0,867.0,332.0,365.0,421.0,-502.0,89.0,train
717,rgb_map,0,0,604.0,251.0,893.0,517.0,289.0,266.0,train
718,rgb_map,0,0,832.0,715.0,648.0,351.0,-184.0,-364.0,train
719,rgb_map,0,0,502.0,731.0,164.0,613.0,-338.0,-118.0,train
721,rgb_map,0,0,784.0,360.0,869.0,173.0,85.0,-187.0,train
722,rgb_map,0,0,135.0,190.0,880.0,269.0,745.0,79.0,train
723,rgb_map,0,0,773.0,104.0,844.0,447.0,71.0,343.0,train
724,rgb_map,0,0,746.0,713.0,510.0,186.0,-236.0,-527.0,train
725,rgb_map,0,0,331.0,396.0,510.0,581.0,179.0,185.0,train
726,rgb_map,0,0,172.0,493.0,558.0,564.0,386.0,71.0,train
728,rgb_map,0,0,660.0,513.0,553.0,215.0,-107.0,-298.0,train
729,rgb_map,0,0,844.0,589.0,577.0,442.0,-267.0,-147.0,train
730,rgb_map,0,0,423.0,146.0,446.0,632.0,23.0,486.0,train
731,rgb_map,0,0,894.0,624.0,204.0,878.0,-690.0,254.0,train
734,rgb_map,0,0,716.0,516.0,681.0,729.0,-35.0,213.0,train
735,rgb_map,0,0,287.0,136.0,391.0,332.0,104.0,196.0,train
736,rgb_map,0,0,834.0,266.0,439.0,806.0,-395.0,540.0,train
739,rgb_map,0,0,618.0,772.0,220.0,285.0,-398.0,-487.0,train
740,rgb_map,0,0,293.0,346.0,316.0,369.0,23.0,23.0,train
741,rgb_map,0,0,179.0,391.0,571.0,779.0,392.0,388.0,train
742,rgb_map,0,0,612.0,299.0,757.0,713.0,145.0,414.0,train
745,rgb_map,0,0,469.0,409.0,512.0,241.0,43.0,-168.0,train
747,rgb_map,0,0,656.0,326.0,473.0,899.0,-183.0,573.0,train
748,rgb_map,0,0,561.0,481.0,457.0,817.0,-104.0,336.0,train
751,rgb_map,0,0,147.0,598.0,849.0,770.0,702.0,172.0,train
752,rgb_map,0,0,136.0,391.0,489.0,700.0,353.0,309.0,train
753,rgb_map,0,0,253.0,784.0,434.0,654.0,181.0,-130.0,train
754,rgb_map,0,0,571.0,221.0,431.0,360.0,-140.0,139.0,train
755,rgb_map,0,0,197.0,684.0,185.0,474.0,-12.0,-210.0,train
756,rgb_map,0,0,301.0,722.0,530.0,259.0,229.0,-463.0,train
757,rgb_map,0,0,515.0,533.0,101.0,496.0,-414.0,-37.0,train
758,rgb_map,0,0,839.0,617.0,160.0,258.0,-679.0,-359.0,train
759,rgb_map,0,0,251.0,667.0,639.0,377.0,388.0,-290.0,train
760,rgb_map,0,0,877.0,606.0,127.0,149.0,-750.0,-457.0,train
761,rgb_map,0,0,435.0,592.0,218.0,363.0,-217.0,-229.0,train
762,rgb_map,0,0,884.0,342.0,490.0,673.0,-394.0,331.0,train
764,rgb_map,0,0,897.0,641.0,134.0,417.0,-763.0,-224.0,train
765,rgb_map,0,0,242.0,381.0,126.0,297.0,-116.0,-84.0,train
767,rgb_map,0,0,193.0,647.0,349.0,377.0,156.0,-270.0,train
768,rgb_map,0,0,767.0,816.0,390.0,232.0,-377.0,-584.0,train
769,rgb_map,0,0,383.0,628.0,252.0,334.0,-131.0,-294.0,train
770,rgb_map,0,0,295.0,684.0,178.0,677.0,-117.0,-7.0,train
771,rgb_map,0,0,649.0,486.0,494.0,651.0,-155.0,165.0,train
773,rgb_map,0,0,428.0,711.0,482.0,357.0,54.0,-354.0,train
774,rgb_map,0,0,786.0,381.0,393.0,405.0,-393.0,24.0,train
775,rgb_map,0,0,852.0,404.0,167.0,258.0,-685.0,-146.0,train
776,rgb_map,0,0,580.0,664.0,667.0,882.0,87.0,218.0,train
777,rgb_map,0,0,740.0,427.0,720.0,504.0,-20.0,77.0,train
778,rgb_map,0,0,783.0,118.0,580.0,807.0,-203.0,689.0,train
779,rgb_map,0,0,746.0,431.0,255.0,152.0,-491.0,-279.0,train
780,rgb_map,0,0,654.0,822.0,322.0,448.0,-332.0,-374.0,train
783,rgb_map,0,0,620.0,383.0,476.0,405.0,-144.0,22.0,train
784,rgb_map,0,0,634.0,272.0,639.0,156.0,5.0,-116.0,train
786,rgb_map,0,0,253.0,184.0,509.0,900.0,256.0,716.0,train
787,rgb_map,0,0,791.0,819.0,790.0,692.0,-1.0,-127.0,train
788,rgb_map,0,0,254.0,775.0,363.0,786.0,109.0,11.0,train
789,rgb_map,0,0,649.0,595.0,281.0,471.0,-368.0,-124.0,train
791,rgb_map,0,0,674.0,266.0,877.0,285.0,203.0,19.0,train
792,rgb_map,0,0,178.0,375.0,616.0,510.0,438.0,135.0,train
793,rgb_map,0,0,324.0,869.0,315.0,418.0,-9.0,-451.0,train
795,rgb_map,0,0,753.0,816.0,827.0,417.0,74.0,-399.0,train
796,rgb_map,0,0,552.0,890.0,281.0,520.0,-271.0,-370.0,train
797,rgb_map,0,0,365.0,564.0,586.0,335.0,221.0,-229.0,train
798,rgb_map,0,0,400.0,648.0,595.0,433.0,195.0,-215.0,train
799,rgb_map,0,0,711.0,841.0,388.0,518.0,-323.0,-323.0,train
800,rgb_map,0,0,793.0,293.0,843.0,322.0,50.0,29.0,train
801,rgb_map,0,0,754.0,850.0,675.0,708.0,-79.0,-142.0,train
804,rgb_map,0,0,651.0,347.0,843.0,263.0,192.0,-84.0,train
805,rgb_map,0,0,813.0,522.0,571.0,737.0,-242.0,215.0,train
806,rgb_map,0,0,490.0,802.0,317.0,560.0,-173.0,-242.0,train
808,rgb_map,0,0,184.0,191.0,193.0,208.0,9.0,17.0,train
809,rgb_map,0,0,182.0,435.0,716.0,583.0,534.0,148.0,train
810,rgb_map,0,0,328.0,891.0,873.0,708.0,545.0,-183.0,train
811,rgb_map,0,0,813.0,108.0,571.0,442.0,-242.0,334.0,train
812,rgb_map,0,0,894.0,305.0,701.0,117.0,-193.0,-188.0,train
813,rgb_map,0,0,162.0,844.0,535.0,416.0,373.0,-428.0,train
815,rgb_map,0,0,358.0,271.0,526.0,209.0,168.0,-62.0,train
817,rgb_map,0,0,169.0,619.0,749.0,398.0,580.0,-221.0,train
818,rgb_map,0,0,201.0,665.0,366.0,790.0,165.0,125.0,train
819,rgb_map,0,0,161.0,203.0,659.0,864.0,498.0,661.0,train
820,rgb_map,0,0,897.0,236.0,762.0,643.0,-135.0,407.0,train
821,rgb_map,0,0,621.0,208.0,164.0,744.0,-457.0,536.0,train
822,rgb_map,0,0,423.0,128.0,495.0,859.0,72.0,731.0,train
823,rgb_map,0,0,773.0,407.0,119.0,302.0,-654.0,-105.0,train
824,rgb_map,0,0,228.0,860.0,413.0,701.0,185.0,-159.0,train
825,rgb_map,0,0,634.0,782.0,223.0,463.0,-411.0,-319.0,train
827,rgb_map,0,0,325.0,177.0,679.0,154.0,354.0,-23.0,train
828,rgb_map,0,0,813.0,336.0,785.0,853.0,-28.0,517.0,train
829,rgb_map,0,0,828.0,880.0,484.0,588.0,-344.0,-292.0,train
830,rgb_map,0,0,332.0,551.0,623.0,581.0,291.0,30.0,train
831,rgb_map,0,0,750.0,827.0,153.0,272.0,-597.0,-555.0,train
832,rgb_map,0,0,501.0,279.0,759.0,196.0,258.0,-83.0,train
833,rgb_map,0,0,830.0,200.0,502.0,602.0,-328.0,402.0,train
834,rgb_map,0,0,134.0,660.0,412.0,253.0,278.0,-407.0,train
836,rgb_map,0,0,839.0,880.0,150.0,215.0,-689.0,-665.0,train
837,rgb_map,0,0,566.0,319.0,555.0,618.0,-11.0,299.0,train
838,rgb_map,0,0,607.0,351.0,136.0,221.0,-471.0,-130.0,train
839,rgb_map,0,0,707.0,779.0,313.0,535.0,-394.0,-244.0,train
840,rgb_map,0,0,216.0,622.0,105.0,497.0,-111.0,-125.0,train
841,rgb_map,0,0,740.0,671.0,123.0,645.0,-617.0,-26.0,train
842,rgb_map,0,0,535.0,117.0,390.0,231.0,-145.0,114.0,train
843,rgb_map,0,0,575.0,412.0,207.0,627.0,-368.0,215.0,train
844,rgb_map,0,0,827.0,331.0,307.0,421.0,-520.0,90.0,train
845,rgb_map,0,0,368.0,609.0,707.0,862.0,339.0,253.0,train
847,rgb_map,0,0,792.0,706.0,224.0,760.0,-568.0,54.0,train
851,rgb_map,0,0,694.0,523.0,574.0,275.0,-120.0,-248.0,train
852,rgb_map,0,0,861.0,773.0,289.0,523.0,-572.0,-250.0,train
853,rgb_map,0,0,151.0,569.0,748.0,792.0,597.0,223.0,train
854,rgb_map,0,0,184.0,541.0,645.0,203.0,461.0,-338.0,train
855,rgb_map,0,0,701.0,604.0,546.0,647.0,-155.0,43.0,train
856,rgb_map,0,0,692.0,110.0,493.0,725.0,-199.0,615.0,train
857,rgb_map,0,0,240.0,424.0,772.0,414.0,532.0,-10.0,train
858,rgb_map,0,0,612.0,871.0,315.0,389.0,-297.0,-482.0,train
860,rgb_map,0,0,734.0,736.0,713.0,716.0,-21.0,-20.0,train
861,rgb_map,0,0,653.0,580.0,380.0,886.0,-273.0,306.0,train
862,rgb_map,0,0,384.0,235.0,439.0,598.0,55.0,363.0,train
863,rgb_map,0,0,130.0,428.0,121.0,182.0,-9.0,-246.0,train
865,rgb_map,0,0,653.0,603.0,129.0,261.0,-524.0,-342.0,train
867,rgb_map,0,0,890.0,670.0,804.0,401.0,-86.0,-269.0,train
868,rgb_map,0,0,702.0,325.0,480.0,141.0,-222.0,-184.0,train
869,rgb_map,0,0,714.0,665.0,303.0,783.0,-411.0,118.0,train
870,rgb_map,0,0,173.0,174.0,890.0,300.0,717.0,126.0,train
871,rgb_map,0,0,343.0,108.0,332.0,105.0,-11.0,-3.0,train
873,rgb_map,0,0,200.0,163.0,381.0,239.0,181.0,76.0,train
874,rgb_map,0,0,188.0,759.0,888.0,538.0,700.0,-221.0,train
875,rgb_map,0,0,417.0,803.0,652.0,488.0,235.0,-315.0,train
876,rgb_map,0,0,863.0,568.0,110.0,748.0,-753.0,180.0,train
877,rgb_map,0,0,288.0,220.0,647.0,605.0,359.0,385.0,train
878,rgb_map,0,0,782.0,544.0,312.0,679.0,-470.0,135.0,train
879,rgb_map,0,0,829.0,357.0,708.0,615.0,-121.0,258.0,train
880,rgb_map,0,0,539.0,605.0,171.0,296.0,-368.0,-309.0,train
881,rgb_map,0,0,818.0,689.0,640.0,131.0,-178.0,-558.0,train
884,rgb_map,0,0,143.0,288.0,164.0,789.0,21.0,501.0,train
886,rgb_map,0,0,825.0,511.0,772.0,521.0,-53.0,10.0,train
887,rgb_map,0,0,422.0,516.0,890.0,180.0,468.0,-336.0,train
890,rgb_map,0,0,413.0,559.0,537.0,730.0,124.0,171.0,train
891,rgb_map,0,0,257.0,774.0,656.0,467.0,399.0,-307.0,train
893,rgb_map,0,0,698.0,792.0,719.0,765.0,21.0,-27.0,train
894,rgb_map,0,0,529.0,679.0,633.0,823.0,104.0,144.0,train
895,rgb_map,0,0,565.0,103.0,542.0,499.0,-23.0,396.0,train
896,rgb_map,0,0,523.0,741.0,292.0,372.0,-231.0,-369.0,train
897,rgb_map,0,0,392.0,754.0,539.0,165.0,147.0,-589.0,train
898,rgb_map,0,0,361.0,443.0,210.0,795.0,-151.0,352.0,train
899,rgb_map,0,0,509.0,721.0,496.0,769.0,-13.0,48.0,train
900,rgb_map,0,0,473.0,558.0,269.0,498.0,-204.0,-60.0,train
902,rgb_map,0,0,484.0,144.0,447.0,541.0,-37.0,397.0,train
903,rgb_map,0,0,202.0,800.0,677.0,853.0,475.0,53.0,train
904,rgb_map,0,0,498.0,498.0,440.0,551.0,-58.0,53.0,train
905,rgb_map,0,0,850.0,692.0,443.0,106.0,-407.0,-586.0,train
906,rgb_map,0,0,597.0,358.0,600.0,551.0,3.0,193.0,train
907,rgb_map,0,0,430.0,114.0,401.0,227.0,-29.0,113.0,train
908,rgb_map,0,0,452.0,120.0,545.0,776.0,93.0,656.0,train
909,rgb_map,0,0,417.0,292.0,706.0,443.0,289.0,151.0,train
910,rgb_map,0,0,209.0,144.0,225.0,236.0,16.0,92.0,train
913,rgb_map,0,0,804.0,459.0,447.0,178.0,-357.0,-281.0,train
915,rgb_map,0,0,428.0,681.0,526.0,182.0,98.0,-499.0,train
916,rgb_map,0,0,786.0,449.0,842.0,647.0,56.0,198.0,train
917,rgb_map,0,0,248.0,711.0,372.0,750.0,124.0,39.0,train
919,rgb_map,0,0,832.0,848.0,701.0,733.0,-131.0,-115.0,train
920,rgb_map,0,0,878.0,847.0,130.0,714.0,-748.0,-133.0,train
921,rgb_map,0,0,364.0,885.0,130.0,435.0,-234.0,-450.0,train
922,rgb_map,0,0,291.0,817.0,513.0,487.0,222.0,-330.0,train
923,rgb_map,0,0,850.0,246.0,440.0,662.0,-410.0,416.0,train
925,rgb_map,0,0,107.0,667.0,688.0,148.0,581.0,-519.0,train
927,rgb_map,0,0,873.0,226.0,335.0,571.0,-538.0,345.0,train
928,rgb_map,0,0,253.0,474.0,192.0,726.0,-61.0,252.0,train
929,rgb_map,0,0,149.0,485.0,761.0,514.0,612.0,29.0,train
930,rgb_map,0,0,513.0,623.0,474.0,789.0,-39.0,166.0,train
931,rgb_map,0,0,841.0,334.0,535.0,446.0,-306.0,112.0,train
932,rgb_map,0,0,240.0,442.0,603.0,717.0,363.0,275.0,train
935,rgb_map,0,0,600.0,272.0,590.0,444.0,-10.0,172.0,train
936,rgb_map,0,0,848.0,285.0,484.0,215.0,-364.0,-70.0,train
937,rgb_map,0,0,377.0,104.0,273.0,826.0,-104.0,722.0,train
938,rgb_map,0,0,507.0,748.0,357.0,247.0,-150.0,-501.0,train
939,rgb_map,0,0,146.0,495.0,875.0,496.0,729.0,1.0,train
940,rgb_map,0,0,565.0,814.0,512.0,401.0,-53.0,-413.0,train
941,rgb_map,0,0,128.0,724.0,835.0,658.0,707.0,-66.0,train
942,rgb_map,0,0,770.0,234.0,269.0,359.0,-501.0,125.0,train
943,rgb_map,0,0,360.0,376.0,759.0,563.0,399.0,187.0,train
944,rgb_map,0,0,233.0,251.0,595.0,544.0,362.0,293.0,train
946,rgb_map,0,0,396.0,607.0,356.0,520.0,-40.0,-87.0,train
948,rgb_map,0,0,804.0,532.0,161.0,888.0,-643.0,356.0,train
949,rgb_map,0,0,806.0,705.0,686.0,662.0,-120.0,-43.0,train
950,rgb_map,0,0,345.0,716.0,647.0,896.0,302.0,180.0,train
951,rgb_map,0,0,744.0,172.0,196.0,606.0,-548.0,434.0,train
953,rgb_map,0,0,421.0,718.0,508.0,822.0,87.0,104.0,train
955,rgb_map,0,0,882.0,645.0,214.0,592.0,-668.0,-53.0,train
956,rgb_map,0,0,278.0,598.0,532.0,134.0,254.0,-464.0,train
957,rgb_map,0,0,795.0,504.0,706.0,860.0,-89.0,356.0,train
958,rgb_map,0,0,193.0,405.0,451.0,293.0,258.0,-112.0,train
959,rgb_map,0,0,777.0,293.0,699.0,230.0,-78.0,-63.0,train
961,rgb_map,0,0,258.0,184.0,409.0,646.0,151.0,462.0,train
963,rgb_map,0,0,197.0,104.0,245.0,128.0,48.0,24.0,train
964,rgb_map,0,0,837.0,279.0,145.0,521.0,-692.0,242.0,train
965,rgb_map,0,0,466.0,687.0,389.0,581.0,-77.0,-106.0,train
966,rgb_map,0,0,308.0,535.0,749.0,182.0,441.0,-353.0,train
967,rgb_map,0,0,227.0,744.0,344.0,527.0,117.0,-217.0,train
968,rgb_map,0,0,800.0,557.0,781.0,581.0,-19.0,24.0,train
969,rgb_map,0,0,633.0,374.0,816.0,369.0,183.0,-5.0,train
970,rgb_map,0,0,317.0,330.0,402.0,290.0,85.0,-40.0,train
971,rgb_map,0,0,472.0,531.0,572.0,256.0,100.0,-275.0,train
973,rgb_map,0,0,234.0,464.0,525.0,122.0,291.0,-342.0,train
974,rgb_map,0,0,782.0,599.0,783.0,447.0,1.0,-152.0,train
977,rgb_map,0,0,672.0,320.0,606.0,692.0,-66.0,372.0,train
978,rgb_map,0,0,858.0,583.0,448.0,277.0,-410.0,-306.0,train
979,rgb_map,0,0,388.0,780.0,149.0,800.0,-239.0,20.0,train
980,rgb_map,0,0,226.0,116.0,588.0,567.0,362.0,451.0,train
981,rgb_map,0,0,612.0,835.0,692.0,704.0,80.0,-131.0,train
984,rgb_map,0,0,875.0,638.0,406.0,278.0,-469.0,-360.0,train
985,rgb_map,0,0,434.0,669.0,657.0,754.0,223.0,85.0,train
988,rgb_map,0,0,215.0,755.0,871.0,517.0,656.0,-238.0,train
989,rgb_map,0,0,552.0,812.0,563.0,331.0,11.0,-481.0,train
990,rgb_map,0,0,296.0,571.0,129.0,780.0,-167.0,209.0,train
991,rgb_map,0,0,188.0,385.0,497.0,524.0,309.0,139.0,train
992,rgb_map,0,0,298.0,875.0,257.0,639.0,-41.0,-236.0,train
993,rgb_map,0,0,861.0,753.0,638.0,416.0,-223.0,-337.0,train
995,rgb_map,0,0,290.0,659.0,433.0,642.0,143.0,-17.0,train
996,rgb_map,0,0,252.0,876.0,892.0,854.0,640.0,-22.0,train
997,rgb_map,0,0,430.0,836.0,660.0,736.0,230.0,-100.0,train
998,rgb_map,0,0,606.0,515.0,327.0,473.0,-279.0,-42.0,train
